user,site,scheme,event,timeDelta
bpt409,wvacation,unknown;BlankPassTil,success,9.0
bpt409,studentlife,unknown;BlankPassTil,success,8.0
bpt409,voteforyou,unknown;BlankPassTil,success,7.0
bpt411,wvacation,unknown;BlankPassTil,success,24.0
bpt411,studentlife,unknown;BlankPassTil,success,15.0
bpt411,voteforyou,unknown;BlankPassTil,success,13.0
bpt416,wvacation,unknown;BlankPassTil,success,33.0
bpt416,studentlife,unknown;BlankPassTil,success,31.0
bpt416,wvacation,unknown;BlankPassTil,success,37.0
bpt416,voteforyou,unknown;BlankPassTil,success,35.0
bpt418,wvacation,unknown;BlankPassTil,failure,7.0
bpt418,wvacation,unknown;BlankPassTil,success,13.0
bpt418,studentlife,unknown;BlankPassTil,success,10.0
bpt418,voteforyou,unknown;BlankPassTil,success,11.0
bpt419,voteforyou,unknown;BlankPassTil,success,31.0
bpt419,studentlife,unknown;BlankPassTil,success,23.0
bpt419,wvacation,unknown;BlankPassTil,success,34.0
bpt422,studentlife,unknown;BlankPassTil,failure,37.0
bpt422,studentlife,unknown;BlankPassTil,success,28.0
bpt422,wvacation,unknown;BlankPassTil,success,25.0
bpt422,voteforyou,unknown;BlankPassTil,success,30.0
bpt423,studentlife,unknown;BlankPassTil,failure,30.0
bpt423,studentlife,unknown;BlankPassTil,success,31.0
bpt423,wvacation,unknown;BlankPassTil,failure,23.0
bpt423,wvacation,unknown;BlankPassTil,success,28.0
bpt423,voteforyou,unknown;BlankPassTil,success,24.0
bpt424,wvacation,unknown;BlankPassTil,success,21.0
bpt424,studentlife,unknown;BlankPassTil,success,21.0
bpt424,voteforyou,unknown;BlankPassTil,success,24.0
bpt425,studentlife,unknown;BlankPassTil,success,19.0
bpt425,wvacation,unknown;BlankPassTil,success,13.0
bpt425,voteforyou,unknown;BlankPassTil,success,29.0
bpt409,studentlife,unknown;BlankPassTil,failure,21.0
bpt409,wvacation,unknown;BlankPassTil,failure,9.0
bpt409,studentlife,unknown;BlankPassTil,success,9.0
bpt409,wvacation,unknown;BlankPassTil,success,9.0
bpt409,voteforyou,unknown;BlankPassTil,success,9.0
bpt411,studentlife,unknown;BlankPassTil,failure,29.0
bpt411,studentlife,unknown;BlankPassTil,success,11.0
bpt411,wvacation,unknown;BlankPassTil,success,28.0
bpt411,voteforyou,unknown;BlankPassTil,failure,14.0
bpt411,voteforyou,unknown;BlankPassTil,success,14.0
bpt418,studentlife,unknown;BlankPassTil,failure,24.0
bpt418,studentlife,unknown;BlankPassTil,success,16.0
bpt418,wvacation,unknown;BlankPassTil,success,14.0
bpt418,voteforyou,unknown;BlankPassTil,success,15.0
bpt425,studentlife,unknown;BlankPassTil,success,20.0
bpt425,wvacation,unknown;BlankPassTil,success,16.0
bpt425,voteforyou,unknown;BlankPassTil,success,25.0
bpt422,studentlife,unknown;BlankPassTil,success,61.0
bpt422,wvacation,unknown;BlankPassTil,failure,70.0
bpt422,wvacation,unknown;BlankPassTil,success,59.0
bpt422,voteforyou,unknown;BlankPassTil,failure,69.0
bpt422,voteforyou,unknown;BlankPassTil,success,39.0
bpt419,studentlife,unknown;BlankPassTil,success,31.0
bpt419,wvacation,unknown;BlankPassTil,success,30.0
bpt419,voteforyou,unknown;BlankPassTil,success,44.0
bpt416,studentlife,unknown;BlankPassTil,failure,54.0
bpt416,studentlife,unknown;BlankPassTil,success,46.0
bpt416,wvacation,unknown;BlankPassTil,success,48.0
bpt416,voteforyou,unknown;BlankPassTil,success,45.0
bpt409,studentlife,unknown;BlankPassTil,success,8.0
bpt409,voteforyou,unknown;BlankPassTil,success,8.0
bpt409,wvacation,unknown;BlankPassTil,success,7.0
bpt411,studentlife,unknown;BlankPassTil,failure,32.0
bpt411,studentlife,unknown;BlankPassTil,success,11.0
bpt411,voteforyou,unknown;BlankPassTil,failure,55.0
bpt411,voteforyou,unknown;BlankPassTil,success,17.0
bpt411,wvacation,unknown;BlankPassTil,success,15.0
bpt418,studentlife,unknown;BlankPassTil,success,22.0
bpt418,voteforyou,unknown;BlankPassTil,success,19.0
bpt418,wvacation,unknown;BlankPassTil,success,22.0
bpt423,studentlife,unknown;BlankPassTil,success,42.0
bpt423,voteforyou,unknown;BlankPassTil,failure,43.0
bpt423,voteforyou,unknown;BlankPassTil,failure,24.0
bpt423,voteforyou,unknown;BlankPassTil,success,20.0
bpt423,wvacation,unknown;BlankPassTil,success,26.0
bpt424,studentlife,unknown;BlankPassTil,success,32.0
bpt424,wvacation,unknown;BlankPassTil,success,26.0
bpt424,voteforyou,unknown;BlankPassTil,success,33.0
bpt422,studentlife,unknown;BlankPassTil,success,29.0
bpt416,voteforyou,unknown;BlankPassTil,success,36.0
bpt416,wvacation,unknown;BlankPassTil,success,23.0
bpt422,wvacation,unknown;BlankPassTil,failure,63.0
bpt422,wvacation,unknown;BlankPassTil,success,48.0
bpt419,studentlife,unknown;BlankPassTil,success,33.0
bpt419,voteforyou,unknown;BlankPassTil,success,37.0
bpt419,wvacation,unknown;BlankPassTil,success,34.0
bpt425,studentlife,unknown;BlankPassTil,success,20.0
bpt425,voteforyou,unknown;BlankPassTil,success,22.0
bpt425,wvacation,unknown;BlankPassTil,success,15.0
bpt411,studentlife,unknown;BlankPassTil,failure,30.0
bpt411,studentlife,unknown;BlankPassTil,success,16.0
bpt411,wvacation,unknown;BlankPassTil,failure,9.0
bpt411,wvacation,unknown;BlankPassTil,success,12.0
bpt411,voteforyou,unknown;BlankPassTil,failure,8.0
bpt411,voteforyou,unknown;BlankPassTil,success,9.0
bpt418,studentlife,unknown;BlankPassTil,success,27.0
bpt418,wvacation,unknown;BlankPassTil,success,10.0
bpt418,voteforyou,unknown;BlankPassTil,success,13.0
bpt423,studentlife,unknown;BlankPassTil,failure,75.0
bpt423,studentlife,unknown;BlankPassTil,success,36.0
bpt423,wvacation,unknown;BlankPassTil,success,26.0
bpt423,voteforyou,unknown;BlankPassTil,success,19.0
bpt416,studentlife,unknown;BlankPassTil,success,26.0
bpt416,wvacation,unknown;BlankPassTil,success,41.0
bpt416,voteforyou,unknown;BlankPassTil,success,39.0
bpt409,voteforyou,unknown;BlankPassTil,success,33.0
bpt409,wvacation,unknown;BlankPassTil,success,8.0
bpt409,studentlife,unknown;BlankPassTil,success,7.0
bpt411,voteforyou,unknown;BlankPassTil,success,10.0
bpt411,studentlife,unknown;BlankPassTil,success,8.0
bpt411,wvacation,unknown;BlankPassTil,success,15.0
bpt409,wvacation,unknown;BlankPassTil,success,9.0
bpt409,studentlife,unknown;BlankPassTil,success,7.0
bpt409,voteforyou,unknown;BlankPassTil,failure,9.0
bpt409,voteforyou,unknown;BlankPassTil,success,8.0
bpt418,voteforyou,unknown;BlankPassTil,success,20.0
bpt418,studentlife,unknown;BlankPassTil,success,15.0
bpt418,wvacation,unknown;BlankPassTil,success,16.0
bpt423,voteforyou,unknown;BlankPassTil,failure,17.0
bpt419,studentlife,unknown;BlankPassTil,success,11.0
bpt419,wvacation,unknown;BlankPassTil,success,68.0
bpt423,wvacation,unknown;BlankPassTil,success,26.0
bpt423,studentlife,unknown;BlankPassTil,success,24.0
bpt419,voteforyou,unknown;BlankPassTil,success,31.0
bpt419,studentlife,unknown;BlankPassTil,success,38.0
bpt419,wvacation,unknown;BlankPassTil,success,72.0
bpt424,voteforyou,unknown;BlankPassTil,success,39.0
bpt424,studentlife,unknown;BlankPassTil,failure,29.0
bpt424,studentlife,unknown;BlankPassTil,success,25.0
bpt424,wvacation,unknown;BlankPassTil,success,15.0
bpt416,voteforyou,unknown;BlankPassTil,success,39.0
bpt416,studentlife,unknown;BlankPassTil,success,31.0
bpt416,wvacation,unknown;BlankPassTil,success,31.0
bpt425,studentlife,unknown;BlankPassTil,success,66.0
bpt425,wvacation,unknown;BlankPassTil,success,15.0
bpt425,voteforyou,unknown;BlankPassTil,success,69.0
bpt422,studentlife,unknown;BlankPassTil,success,20.0
bpt422,wvacation,unknown;BlankPassTil,success,17.0
bpt422,voteforyou,unknown;BlankPassTil,success,23.0
bpt422,voteforyou,unknown;BlankPassTil,success,31.0
bpt422,studentlife,unknown;BlankPassTil,success,25.0
bpt422,wvacation,unknown;BlankPassTil,failure,20.0
bpt422,wvacation,unknown;BlankPassTil,success,17.0
ipt401,studentlife,unknown;ImagePasstil,success,31.0
ipt401,wvacation,unknown;ImagePasstil,success,52.0
ipt401,voteforyou,unknown;ImagePasstil,success,22.0
ipt401,studentlife,unknown;ImagePasstil,success,34.0
ipt401,wvacation,unknown;ImagePasstil,success,21.0
ipt401,voteforyou,unknown;ImagePasstil,success,21.0
ipt401,studentlife,unknown;ImagePasstil,success,25.0
ipt401,voteforyou,unknown;ImagePasstil,success,18.0
ipt401,wvacation,unknown;ImagePasstil,success,22.0
ipt401,studentlife,unknown;ImagePasstil,success,28.0
ipt401,voteforyou,unknown;ImagePasstil,success,33.0
ipt401,wvacation,unknown;ImagePasstil,success,20.0
ipt402,wvacation,unknown;ImagePasstil,success,12.0
ipt402,wvacation,unknown;ImagePasstil,success,7.0
ipt402,studentlife,unknown;ImagePasstil,success,16.0
ipt402,wvacation,unknown;ImagePasstil,success,36.0
ipt402,voteforyou,unknown;ImagePasstil,success,10.0
ipt402,studentlife,unknown;ImagePasstil,success,26.0
ipt402,wvacation,unknown;ImagePasstil,success,21.0
ipt402,voteforyou,unknown;ImagePasstil,success,15.0
ipt402,studentlife,unknown;ImagePasstil,success,24.0
ipt402,studentlife,unknown;ImagePasstil,success,28.0
ipt402,wvacation,unknown;ImagePasstil,success,16.0
ipt402,voteforyou,unknown;ImagePasstil,success,26.0
ipt402,voteforyou,unknown;ImagePasstil,success,29.0
ipt402,studentlife,unknown;ImagePasstil,success,28.0
ipt402,wvacation,unknown;ImagePasstil,success,14.0
ipt403,wvacation,unknown;ImagePasstil,failure,18.0
ipt403,wvacation,unknown;ImagePasstil,failure,19.0
ipt403,wvacation,unknown;ImagePasstil,failure,26.0
ipt403,wvacation,unknown;ImagePasstil,success,15.0
ipt403,studentlife,unknown;ImagePasstil,success,20.0
ipt403,voteforyou,unknown;ImagePasstil,success,22.0
ipt403,studentlife,unknown;ImagePasstil,success,29.0
ipt403,wvacation,unknown;ImagePasstil,success,26.0
ipt403,voteforyou,unknown;ImagePasstil,success,28.0
ipt403,studentlife,unknown;ImagePasstil,failure,17.0
ipt403,studentlife,unknown;ImagePasstil,success,20.0
ipt403,voteforyou,unknown;ImagePasstil,failure,22.0
ipt403,voteforyou,unknown;ImagePasstil,success,22.0
ipt403,wvacation,unknown;ImagePasstil,success,19.0
ipt403,studentlife,unknown;ImagePasstil,success,28.0
ipt403,wvacation,unknown;ImagePasstil,success,22.0
ipt403,voteforyou,unknown;ImagePasstil,success,23.0
ipt403,voteforyou,unknown;ImagePasstil,success,19.0
ipt403,wvacation,unknown;ImagePasstil,success,19.0
ipt403,studentlife,unknown;ImagePasstil,success,17.0
ipt404,wvacation,unknown;ImagePasstil,success,14.0
ipt404,studentlife,unknown;ImagePasstil,success,18.0
ipt404,voteforyou,unknown;ImagePasstil,success,15.0
ipt404,wvacation,unknown;ImagePasstil,success,17.0
ipt404,wvacation,unknown;ImagePasstil,success,10.0
ipt404,studentlife,unknown;ImagePasstil,failure,22.0
ipt404,wvacation,unknown;ImagePasstil,success,23.0
ipt404,voteforyou,unknown;ImagePasstil,failure,29.0
ipt404,voteforyou,unknown;ImagePasstil,failure,35.0
ipt404,studentlife,unknown;ImagePasstil,success,14.0
ipt404,voteforyou,unknown;ImagePasstil,success,9.0
ipt404,studentlife,unknown;ImagePasstil,failure,37.0
ipt404,studentlife,unknown;ImagePasstil,failure,16.0
ipt404,studentlife,unknown;ImagePasstil,success,19.0
ipt404,voteforyou,unknown;ImagePasstil,failure,23.0
ipt404,wvacation,unknown;ImagePasstil,success,34.0
ipt404,voteforyou,unknown;ImagePasstil,success,13.0
ipt404,studentlife,unknown;ImagePasstil,success,34.0
ipt404,wvacation,unknown;ImagePasstil,success,18.0
ipt404,voteforyou,unknown;ImagePasstil,success,17.0
ipt404,voteforyou,unknown;ImagePasstil,success,50.0
ipt404,studentlife,unknown;ImagePasstil,success,37.0
ipt404,wvacation,unknown;ImagePasstil,success,73.0
ipt406,wvacation,unknown;ImagePasstil,success,21.0
ipt406,studentlife,unknown;ImagePasstil,success,24.0
ipt406,voteforyou,unknown;ImagePasstil,success,19.0
ipt406,studentlife,unknown;ImagePasstil,success,37.0
ipt406,wvacation,unknown;ImagePasstil,success,31.0
ipt406,voteforyou,unknown;ImagePasstil,success,28.0
ipt406,studentlife,unknown;ImagePasstil,success,34.0
ipt406,voteforyou,unknown;ImagePasstil,success,19.0
ipt406,wvacation,unknown;ImagePasstil,failure,21.0
ipt406,wvacation,unknown;ImagePasstil,success,34.0
ipt406,studentlife,unknown;ImagePasstil,success,31.0
ipt406,wvacation,unknown;ImagePasstil,success,21.0
ipt406,voteforyou,unknown;ImagePasstil,failure,67.0
ipt406,voteforyou,unknown;ImagePasstil,failure,25.0
ipt406,voteforyou,unknown;ImagePasstil,failure,31.0
ipt406,voteforyou,unknown;ImagePasstil,failure,38.0
ipt406,voteforyou,unknown;ImagePasstil,failure,18.0
ipt406,voteforyou,unknown;ImagePasstil,failure,37.0
ipt406,voteforyou,unknown;ImagePasstil,success,17.0
ipt406,voteforyou,unknown;ImagePasstil,success,32.0
ipt406,studentlife,unknown;ImagePasstil,success,25.0
ipt406,wvacation,unknown;ImagePasstil,success,17.0
ipt411,wvacation,unknown;ImagePasstil,success,23.0
ipt411,studentlife,unknown;ImagePasstil,success,27.0
ipt411,voteforyou,unknown;ImagePasstil,success,29.0
ipt411,studentlife,unknown;ImagePasstil,failure,61.0
ipt411,studentlife,unknown;ImagePasstil,success,31.0
ipt411,wvacation,unknown;ImagePasstil,success,29.0
ipt411,voteforyou,unknown;ImagePasstil,success,33.0
ipt411,studentlife,unknown;ImagePasstil,failure,49.0
ipt411,studentlife,unknown;ImagePasstil,failure,37.0
ipt411,wvacation,unknown;ImagePasstil,failure,31.0
ipt411,wvacation,unknown;ImagePasstil,success,24.0
ipt411,studentlife,unknown;ImagePasstil,success,28.0
ipt411,voteforyou,unknown;ImagePasstil,success,25.0
ipt411,studentlife,unknown;ImagePasstil,success,35.0
ipt411,wvacation,unknown;ImagePasstil,success,30.0
ipt411,voteforyou,unknown;ImagePasstil,success,29.0
ipt411,voteforyou,unknown;ImagePasstil,success,35.0
ipt411,studentlife,unknown;ImagePasstil,success,31.0
ipt411,wvacation,unknown;ImagePasstil,success,24.0
ipt413,wvacation,unknown;ImagePasstil,failure,25.0
ipt413,wvacation,unknown;ImagePasstil,failure,16.0
ipt413,studentlife,unknown;ImagePasstil,success,28.0
ipt413,voteforyou,unknown;ImagePasstil,success,29.0
ipt413,wvacation,unknown;ImagePasstil,success,42.0
ipt413,studentlife,unknown;ImagePasstil,success,19.0
ipt413,voteforyou,unknown;ImagePasstil,success,37.0
ipt413,studentlife,unknown;ImagePasstil,failure,38.0
ipt413,studentlife,unknown;ImagePasstil,failure,41.0
ipt413,studentlife,unknown;ImagePasstil,success,40.0
ipt413,studentlife,unknown;ImagePasstil,success,50.0
ipt413,wvacation,unknown;ImagePasstil,success,46.0
ipt413,voteforyou,unknown;ImagePasstil,success,22.0
ipt413,voteforyou,unknown;ImagePasstil,success,18.0
ipt413,studentlife,unknown;ImagePasstil,failure,45.0
ipt413,studentlife,unknown;ImagePasstil,failure,27.0
ipt413,studentlife,unknown;ImagePasstil,success,33.0
ipt413,voteforyou,unknown;ImagePasstil,success,50.0
ipt413,wvacation,unknown;ImagePasstil,success,70.0
ipt413,studentlife,unknown;ImagePasstil,success,15.0
ipt413,studentlife,unknown;ImagePasstil,success,26.0
ipt413,wvacation,unknown;ImagePasstil,success,46.0
ipt413,voteforyou,unknown;ImagePasstil,success,30.0
ipt413,voteforyou,unknown;ImagePasstil,success,37.0
ipt413,studentlife,unknown;ImagePasstil,success,39.0
ipt413,wvacation,unknown;ImagePasstil,success,81.0
ipt414,wvacation,unknown;ImagePasstil,success,10.0
ipt414,studentlife,unknown;ImagePasstil,success,10.0
ipt414,voteforyou,unknown;ImagePasstil,success,13.0
ipt414,studentlife,unknown;ImagePasstil,success,15.0
ipt414,wvacation,unknown;ImagePasstil,success,25.0
ipt414,voteforyou,unknown;ImagePasstil,success,26.0
ipt414,studentlife,unknown;ImagePasstil,success,28.0
ipt414,voteforyou,unknown;ImagePasstil,failure,158.0
ipt414,voteforyou,unknown;ImagePasstil,success,22.0
ipt414,wvacation,unknown;ImagePasstil,success,35.0
ipt414,wvacation,unknown;ImagePasstil,success,133.0
ipt414,studentlife,unknown;ImagePasstil,success,12.0
ipt414,voteforyou,unknown;ImagePasstil,success,13.0
ipt414,voteforyou,unknown;ImagePasstil,failure,40.0
ipt414,voteforyou,unknown;ImagePasstil,success,26.0
ipt414,studentlife,unknown;ImagePasstil,success,51.0
ipt414,wvacation,unknown;ImagePasstil,failure,28.0
ipt414,wvacation,unknown;ImagePasstil,success,18.0
ipt419,studentlife,unknown;ImagePasstil,success,15.0
ipt419,voteforyou,unknown;ImagePasstil,failure,31.0
ipt419,voteforyou,unknown;ImagePasstil,success,16.0
ipt419,wvacation,unknown;ImagePasstil,success,26.0
ipt419,studentlife,unknown;ImagePasstil,failure,27.0
ipt419,studentlife,unknown;ImagePasstil,success,19.0
ipt419,wvacation,unknown;ImagePasstil,failure,31.0
ipt419,wvacation,unknown;ImagePasstil,success,31.0
ipt419,voteforyou,unknown;ImagePasstil,success,24.0
ipt419,studentlife,unknown;ImagePasstil,failure,43.0
ipt419,voteforyou,unknown;ImagePasstil,success,27.0
ipt419,wvacation,unknown;ImagePasstil,success,39.0
ipt419,studentlife,unknown;ImagePasstil,success,16.0
ipt419,studentlife,unknown;ImagePasstil,success,35.0
ipt419,wvacation,unknown;ImagePasstil,success,23.0
ipt419,voteforyou,unknown;ImagePasstil,success,14.0
ipt419,voteforyou,unknown;ImagePasstil,success,22.0
ipt419,studentlife,unknown;ImagePasstil,success,21.0
ipt419,wvacation,unknown;ImagePasstil,success,40.0
ipt423,studentlife,unknown;ImagePasstil,failure,4.0
ipt423,voteforyou,unknown;ImagePasstil,success,29.0
ipt423,studentlife,unknown;ImagePasstil,success,26.0
ipt423,wvacation,unknown;ImagePasstil,success,26.0
ipt423,studentlife,unknown;ImagePasstil,success,36.0
ipt423,wvacation,unknown;ImagePasstil,success,47.0
ipt423,voteforyou,unknown;ImagePasstil,success,29.0
ipt423,studentlife,unknown;ImagePasstil,success,207.0
ipt423,voteforyou,unknown;ImagePasstil,success,28.0
ipt423,wvacation,unknown;ImagePasstil,success,33.0
ipt423,studentlife,unknown;ImagePasstil,success,41.0
ipt423,wvacation,unknown;ImagePasstil,success,41.0
ipt423,voteforyou,unknown;ImagePasstil,success,28.0
ipt423,voteforyou,unknown;ImagePasstil,success,35.0
ipt423,studentlife,unknown;ImagePasstil,success,27.0
ipt423,wvacation,unknown;ImagePasstil,success,30.0
ipt424,wvacation,unknown;ImagePasstil,success,39.0
ipt424,studentlife,unknown;ImagePasstil,success,37.0
ipt424,wvacation,unknown;ImagePasstil,success,94.0
ipt424,voteforyou,unknown;ImagePasstil,success,52.0
ipt424,studentlife,unknown;ImagePasstil,success,143.0
ipt424,wvacation,unknown;ImagePasstil,success,56.0
ipt424,voteforyou,unknown;ImagePasstil,success,90.0
ipt424,studentlife,unknown;ImagePasstil,success,61.0
ipt424,voteforyou,unknown;ImagePasstil,success,71.0
ipt424,wvacation,unknown;ImagePasstil,success,45.0
ipt424,studentlife,unknown;ImagePasstil,success,75.0
ipt424,wvacation,unknown;ImagePasstil,failure,32.0
ipt424,wvacation,unknown;ImagePasstil,failure,20.0
ipt424,wvacation,unknown;ImagePasstil,success,19.0
ipt424,voteforyou,unknown;ImagePasstil,success,28.0
ipt424,voteforyou,unknown;ImagePasstil,success,61.0
ipt424,studentlife,unknown;ImagePasstil,success,32.0
ipt424,wvacation,unknown;ImagePasstil,success,26.0
ipt426,wvacation,unknown;ImagePasstil,success,22.0
ipt426,studentlife,unknown;ImagePasstil,success,39.0
ipt426,voteforyou,unknown;ImagePasstil,success,34.0
ipt426,voteforyou,unknown;ImagePasstil,failure,54.0
ipt426,studentlife,unknown;ImagePasstil,success,20.0
ipt426,wvacation,unknown;ImagePasstil,success,36.0
ipt426,voteforyou,unknown;ImagePasstil,success,34.0
ipt426,studentlife,unknown;ImagePasstil,success,56.0
ipt426,voteforyou,unknown;ImagePasstil,success,37.0
ipt426,wvacation,unknown;ImagePasstil,success,41.0
ipt426,studentlife,unknown;ImagePasstil,success,29.0
ipt426,wvacation,unknown;ImagePasstil,success,35.0
ipt426,voteforyou,unknown;ImagePasstil,success,60.0
ipt426,voteforyou,unknown;ImagePasstil,success,28.0
ipt426,studentlife,unknown;ImagePasstil,success,14.0
ipt426,wvacation,unknown;ImagePasstil,failure,31.0
ipt426,wvacation,unknown;ImagePasstil,success,84.0
ipt427,wvacation,unknown;ImagePasstil,success,10.0
ipt427,studentlife,unknown;ImagePasstil,success,8.0
ipt427,voteforyou,unknown;ImagePasstil,success,16.0
ipt427,wvacation,unknown;ImagePasstil,success,18.0
ipt427,studentlife,unknown;ImagePasstil,success,21.0
ipt427,studentlife,unknown;ImagePasstil,failure,26.0
ipt427,studentlife,unknown;ImagePasstil,failure,42.0
ipt427,wvacation,unknown;ImagePasstil,failure,52.0
ipt427,voteforyou,unknown;ImagePasstil,failure,30.0
ipt427,studentlife,unknown;ImagePasstil,success,12.0
ipt427,wvacation,unknown;ImagePasstil,success,11.0
ipt427,voteforyou,unknown;ImagePasstil,success,11.0
ipt427,studentlife,unknown;ImagePasstil,success,14.0
ipt427,wvacation,unknown;ImagePasstil,success,27.0
ipt427,studentlife,unknown;ImagePasstil,success,41.0
ipt427,voteforyou,unknown;ImagePasstil,success,24.0
ipt427,voteforyou,unknown;ImagePasstil,success,9.0
ipt427,studentlife,unknown;ImagePasstil,success,16.0
ipt427,wvacation,unknown;ImagePasstil,success,60.0
ipt431,wvacation,unknown;ImagePasstil,success,12.0
ipt431,studentlife,unknown;ImagePasstil,success,20.0
ipt431,voteforyou,unknown;ImagePasstil,success,15.0
ipt431,studentlife,unknown;ImagePasstil,failure,53.0
ipt431,studentlife,unknown;ImagePasstil,failure,40.0
ipt431,studentlife,unknown;ImagePasstil,failure,43.0
ipt431,studentlife,unknown;ImagePasstil,failure,30.0
ipt431,studentlife,unknown;ImagePasstil,success,24.0
ipt431,voteforyou,unknown;ImagePasstil,success,26.0
ipt431,wvacation,unknown;ImagePasstil,success,22.0
ipt431,studentlife,unknown;ImagePasstil,failure,61.0
ipt431,studentlife,unknown;ImagePasstil,success,41.0
ipt431,wvacation,unknown;ImagePasstil,success,30.0
ipt431,voteforyou,unknown;ImagePasstil,success,31.0
ipt431,voteforyou,unknown;ImagePasstil,success,44.0
ipt431,studentlife,unknown;ImagePasstil,success,42.0
ipt431,wvacation,unknown;ImagePasstil,success,27.0
ipt432,wvacation,unknown;ImagePasstil,success,8.0
ipt432,studentlife,unknown;ImagePasstil,success,13.0
ipt432,voteforyou,unknown;ImagePasstil,success,11.0
ipt432,studentlife,unknown;ImagePasstil,success,28.0
ipt432,wvacation,unknown;ImagePasstil,success,28.0
ipt432,voteforyou,unknown;ImagePasstil,success,32.0
ipt432,studentlife,unknown;ImagePasstil,success,45.0
ipt432,voteforyou,unknown;ImagePasstil,success,48.0
ipt432,wvacation,unknown;ImagePasstil,success,33.0
ipt432,studentlife,unknown;ImagePasstil,success,36.0
ipt432,wvacation,unknown;ImagePasstil,success,43.0
ipt432,voteforyou,unknown;ImagePasstil,success,49.0
ipt432,voteforyou,unknown;ImagePasstil,success,38.0
ipt432,studentlife,unknown;ImagePasstil,failure,35.0
ipt432,studentlife,unknown;ImagePasstil,success,28.0
ipt432,wvacation,unknown;ImagePasstil,success,26.0
ipt433,wvacation,unknown;ImagePasstil,success,19.0
ipt433,studentlife,unknown;ImagePasstil,success,13.0
ipt433,voteforyou,unknown;ImagePasstil,success,20.0
ipt433,studentlife,unknown;ImagePasstil,success,32.0
ipt433,wvacation,unknown;ImagePasstil,success,24.0
ipt433,voteforyou,unknown;ImagePasstil,success,17.0
ipt433,studentlife,unknown;ImagePasstil,success,23.0
ipt433,voteforyou,unknown;ImagePasstil,success,22.0
ipt433,wvacation,unknown;ImagePasstil,success,28.0
ipt433,voteforyou,unknown;ImagePasstil,success,23.0
ipt433,wvacation,unknown;ImagePasstil,success,23.0
ipt433,studentlife,unknown;ImagePasstil,success,17.0
ipt433,wvacation,unknown;ImagePasstil,success,80.0
ipt433,studentlife,unknown;ImagePasstil,success,15.0
ipt433,voteforyou,unknown;ImagePasstil,success,15.0
ipt434,wvacation,unknown;ImagePasstil,success,19.0
ipt434,studentlife,unknown;ImagePasstil,success,15.0
ipt434,voteforyou,unknown;ImagePasstil,success,14.0
ipt434,wvacation,unknown;ImagePasstil,success,16.0
ipt434,wvacation,unknown;ImagePasstil,success,22.0
ipt434,studentlife,unknown;ImagePasstil,success,49.0
ipt434,voteforyou,unknown;ImagePasstil,failure,20.0
ipt434,studentlife,unknown;ImagePasstil,success,23.0
ipt434,wvacation,unknown;ImagePasstil,success,16.0
ipt434,voteforyou,unknown;ImagePasstil,success,13.0
ipt434,studentlife,unknown;ImagePasstil,success,36.0
ipt434,voteforyou,unknown;ImagePasstil,success,40.0
ipt434,wvacation,unknown;ImagePasstil,success,52.0
ipt434,studentlife,unknown;ImagePasstil,failure,78.0
ipt434,studentlife,unknown;ImagePasstil,success,28.0
ipt434,wvacation,unknown;ImagePasstil,success,47.0
ipt434,voteforyou,unknown;ImagePasstil,success,30.0
ipt434,studentlife,unknown;ImagePasstil,success,26.0
ipt434,wvacation,unknown;ImagePasstil,success,42.0
ipt434,voteforyou,unknown;ImagePasstil,success,42.0
ipt439,wvacation,unknown;ImagePasstil,success,30.0
ipt439,studentlife,unknown;ImagePasstil,success,23.0
ipt439,voteforyou,unknown;ImagePasstil,success,13.0
ipt439,wvacation,unknown;ImagePasstil,failure,59.0
ipt439,wvacation,unknown;ImagePasstil,success,10.0
ipt439,studentlife,unknown;ImagePasstil,success,48.0
ipt439,wvacation,unknown;ImagePasstil,success,31.0
ipt439,voteforyou,unknown;ImagePasstil,success,38.0
ipt439,wvacation,unknown;ImagePasstil,success,26.0
ipt439,voteforyou,unknown;ImagePasstil,success,32.0
ipt439,studentlife,unknown;ImagePasstil,success,21.0
ipt439,voteforyou,unknown;ImagePasstil,success,19.0
ipt439,wvacation,unknown;ImagePasstil,success,21.0
ipt439,studentlife,unknown;ImagePasstil,success,16.0
ipt441,wvacation,unknown;ImagePasstil,success,38.0
ipt441,studentlife,unknown;ImagePasstil,failure,77.0
ipt441,studentlife,unknown;ImagePasstil,success,38.0
ipt441,voteforyou,unknown;ImagePasstil,success,17.0
ipt441,voteforyou,unknown;ImagePasstil,success,21.0
ipt441,studentlife,unknown;ImagePasstil,failure,11.0
ipt441,wvacation,unknown;ImagePasstil,failure,16.0
ipt441,voteforyou,unknown;ImagePasstil,failure,15.0
ipt441,studentlife,unknown;ImagePasstil,success,16.0
ipt441,wvacation,unknown;ImagePasstil,success,41.0
ipt441,voteforyou,unknown;ImagePasstil,success,18.0
ipt441,studentlife,unknown;ImagePasstil,success,25.0
ipt441,voteforyou,unknown;ImagePasstil,failure,28.0
ipt441,voteforyou,unknown;ImagePasstil,success,30.0
ipt441,wvacation,unknown;ImagePasstil,failure,49.0
ipt441,wvacation,unknown;ImagePasstil,failure,58.0
ipt441,wvacation,unknown;ImagePasstil,success,49.0
ipt441,studentlife,unknown;ImagePasstil,success,50.0
ipt441,wvacation,unknown;ImagePasstil,success,51.0
ipt441,voteforyou,unknown;ImagePasstil,success,32.0
ipt441,voteforyou,unknown;ImagePasstil,success,24.0
ipt441,studentlife,unknown;ImagePasstil,success,38.0
ipt441,wvacation,unknown;ImagePasstil,success,41.0
ipt443,wvacation,unknown;ImagePasstil,failure,32.0
ipt443,wvacation,unknown;ImagePasstil,success,32.0
ipt443,studentlife,unknown;ImagePasstil,success,29.0
ipt443,voteforyou,unknown;ImagePasstil,success,24.0
ipt443,studentlife,unknown;ImagePasstil,success,45.0
ipt443,wvacation,unknown;ImagePasstil,success,47.0
ipt443,voteforyou,unknown;ImagePasstil,success,35.0
ipt443,wvacation,unknown;ImagePasstil,success,42.0
ipt443,voteforyou,unknown;ImagePasstil,success,48.0
ipt443,studentlife,unknown;ImagePasstil,success,41.0
ipt443,studentlife,unknown;ImagePasstil,success,33.0
ipt443,studentlife,unknown;ImagePasstil,success,35.0
ipt443,wvacation,unknown;ImagePasstil,success,21.0
ipt443,voteforyou,unknown;ImagePasstil,success,36.0
ipt443,voteforyou,unknown;ImagePasstil,success,28.0
ipt443,studentlife,unknown;ImagePasstil,success,37.0
ipt443,wvacation,unknown;ImagePasstil,success,35.0
ipt444,wvacation,unknown;ImagePasstil,success,11.0
ipt444,studentlife,unknown;ImagePasstil,success,8.0
ipt444,voteforyou,unknown;ImagePasstil,success,11.0
ipt444,studentlife,unknown;ImagePasstil,failure,24.0
ipt444,studentlife,unknown;ImagePasstil,success,12.0
ipt444,wvacation,unknown;ImagePasstil,success,14.0
ipt444,voteforyou,unknown;ImagePasstil,success,16.0
ipt444,studentlife,unknown;ImagePasstil,success,10.0
ipt444,voteforyou,unknown;ImagePasstil,success,17.0
ipt444,wvacation,unknown;ImagePasstil,success,12.0
ipt444,studentlife,unknown;ImagePasstil,success,13.0
ipt444,wvacation,unknown;ImagePasstil,success,11.0
ipt444,voteforyou,unknown;ImagePasstil,success,13.0
ipt444,voteforyou,unknown;ImagePasstil,success,13.0
ipt444,studentlife,unknown;ImagePasstil,success,13.0
ipt444,wvacation,unknown;ImagePasstil,success,12.0
ipt446,wvacation,unknown;ImagePasstil,failure,28.0
ipt446,wvacation,unknown;ImagePasstil,success,18.0
ipt446,wvacation,unknown;ImagePasstil,success,47.0
ipt446,studentlife,unknown;ImagePasstil,success,68.0
ipt446,voteforyou,unknown;ImagePasstil,success,37.0
ipt446,wvacation,unknown;ImagePasstil,success,120.0
ipt446,studentlife,unknown;ImagePasstil,success,69.0
ipt446,wvacation,unknown;ImagePasstil,success,47.0
ipt446,voteforyou,unknown;ImagePasstil,success,54.0
ipt446,studentlife,unknown;ImagePasstil,success,98.0
ipt446,voteforyou,unknown;ImagePasstil,success,74.0
ipt446,wvacation,unknown;ImagePasstil,success,38.0
ipt446,studentlife,unknown;ImagePasstil,success,52.0
ipt446,wvacation,unknown;ImagePasstil,success,31.0
ipt446,voteforyou,unknown;ImagePasstil,success,39.0
ipt446,voteforyou,unknown;ImagePasstil,failure,41.0
ipt446,voteforyou,unknown;ImagePasstil,success,41.0
ipt446,studentlife,unknown;ImagePasstil,success,47.0
ipt446,wvacation,unknown;ImagePasstil,success,26.0
ipt446,voteforyou,unknown;ImagePasstil,success,34.0
ipt448,wvacation,unknown;ImagePasstil,success,22.0
ipt448,studentlife,unknown;ImagePasstil,success,21.0
ipt448,voteforyou,unknown;ImagePasstil,success,25.0
ipt448,studentlife,unknown;ImagePasstil,failure,389.0
ipt448,wvacation,unknown;ImagePasstil,failure,31.0
ipt448,voteforyou,unknown;ImagePasstil,success,30.0
ipt448,studentlife,unknown;ImagePasstil,success,25.0
ipt448,wvacation,unknown;ImagePasstil,success,23.0
ipt448,studentlife,unknown;ImagePasstil,success,102.0
ipt448,studentlife,unknown;ImagePasstil,success,31.0
ipt448,voteforyou,unknown;ImagePasstil,success,40.0
ipt448,wvacation,unknown;ImagePasstil,success,29.0
ipt448,studentlife,unknown;ImagePasstil,success,31.0
ipt448,wvacation,unknown;ImagePasstil,success,28.0
ipt448,voteforyou,unknown;ImagePasstil,success,33.0
ipt449,studentlife,unknown;ImagePasstil,success,21.0
ipt449,wvacation,unknown;ImagePasstil,success,21.0
ipt449,voteforyou,unknown;ImagePasstil,success,30.0
ipt449,studentlife,unknown;ImagePasstil,success,74.0
ipt449,wvacation,unknown;ImagePasstil,success,56.0
ipt449,voteforyou,unknown;ImagePasstil,success,36.0
ipt449,studentlife,unknown;ImagePasstil,success,44.0
ipt449,voteforyou,unknown;ImagePasstil,success,40.0
ipt449,wvacation,unknown;ImagePasstil,success,25.0
ipt449,studentlife,unknown;ImagePasstil,success,48.0
ipt449,wvacation,unknown;ImagePasstil,success,23.0
ipt449,voteforyou,unknown;ImagePasstil,success,31.0
ipt449,voteforyou,unknown;ImagePasstil,success,49.0
ipt449,studentlife,unknown;ImagePasstil,success,25.0
ipt449,wvacation,unknown;ImagePasstil,success,26.0
ast403,wvacation,unknown;az-6,success,5.0
ast403,studentlife,unknown;az-6,success,10.0
ast403,voteforyou,unknown;az-6,success,9.0
ast413,studentlife,unknown;az-6,success,13.0
ast413,wvacation,unknown;az-6,success,3.0
ast413,voteforyou,unknown;az-6,success,4.0
ast416,wvacation,unknown;az-6,success,15.0
ast416,voteforyou,unknown;az-6,success,80.0
ast416,studentlife,unknown;az-6,success,14.0
ast417,wvacation,unknown;az-6,success,8.0
ast417,studentlife,unknown;az-6,success,6.0
ast417,voteforyou,unknown;az-6,success,4.0
ast418,wvacation,unknown;az-6,success,4.0
ast418,studentlife,unknown;az-6,success,3.0
ast418,voteforyou,unknown;az-6,success,7.0
ast422,wvacation,unknown;az-6,success,3.0
ast422,studentlife,unknown;az-6,success,3.0
ast422,voteforyou,unknown;az-6,success,2.0
ast423,wvacation,unknown;az-6,success,6.0
ast423,studentlife,unknown;az-6,success,4.0
ast423,voteforyou,unknown;az-6,success,3.0
ast424,wvacation,unknown;az-6,success,9.0
ast424,studentlife,unknown;az-6,success,7.0
ast424,voteforyou,unknown;az-6,success,4.0
ast426,wvacation,unknown;az-6,failure,5.0
ast426,wvacation,unknown;az-6,failure,6.0
ast426,studentlife,unknown;az-6,success,5.0
ast426,wvacation,unknown;az-6,success,9.0
ast426,voteforyou,unknown;az-6,success,7.0
ast403,studentlife,unknown;az-6,failure,13.0
ast403,wvacation,unknown;az-6,failure,3.0
ast403,wvacation,unknown;az-6,success,5.0
ast403,voteforyou,unknown;az-6,success,5.0
ast403,studentlife,unknown;az-6,success,5.0
ast413,studentlife,unknown;az-6,success,5.0
ast424,studentlife,unknown;az-6,success,1.0
ast413,voteforyou,unknown;az-6,success,3.0
ast424,wvacation,unknown;az-6,success,9.0
ast424,voteforyou,unknown;az-6,success,9.0
ast416,studentlife,unknown;az-6,success,30.0
ast416,wvacation,unknown;az-6,success,18.0
ast416,voteforyou,unknown;az-6,success,14.0
ast417,studentlife,unknown;az-6,failure,264.0
ast417,studentlife,unknown;az-6,success,14.0
ast417,wvacation,unknown;az-6,success,37.0
ast423,voteforyou,unknown;az-6,failure,3.0
ast417,voteforyou,unknown;az-6,success,15.0
ast423,studentlife,unknown;az-6,success,3.0
ast423,wvacation,unknown;az-6,success,3.0
ast423,voteforyou,unknown;az-6,success,3.0
ast418,studentlife,unknown;az-6,success,4.0
ast418,wvacation,unknown;az-6,success,4.0
ast418,voteforyou,unknown;az-6,success,5.0
ast426,wvacation,unknown;az-6,success,4.0
ast426,studentlife,unknown;az-6,success,3.0
ast426,voteforyou,unknown;az-6,failure,5.0
ast426,voteforyou,unknown;az-6,failure,6.0
ast422,studentlife,unknown;az-6,success,19.0
ast426,voteforyou,unknown;az-6,success,5.0
ast422,wvacation,unknown;az-6,success,5.0
ast422,voteforyou,unknown;az-6,success,4.0
ast403,studentlife,unknown;az-6,failure,2.0
ast403,studentlife,unknown;az-6,success,10.0
ast403,voteforyou,unknown;az-6,success,1.0
ast403,wvacation,unknown;az-6,success,2.0
ast423,studentlife,unknown;az-6,success,4.0
ast423,voteforyou,unknown;az-6,success,3.0
ast423,wvacation,unknown;az-6,success,4.0
ast413,studentlife,unknown;az-6,success,3.0
ast413,voteforyou,unknown;az-6,success,4.0
ast413,wvacation,unknown;az-6,success,5.0
ast417,studentlife,unknown;az-6,success,7.0
ast417,voteforyou,unknown;az-6,success,13.0
ast417,wvacation,unknown;az-6,success,4.0
ast426,voteforyou,unknown;az-6,failure,5.0
ast426,voteforyou,unknown;az-6,failure,11.0
ast426,studentlife,unknown;az-6,failure,4.0
ast426,studentlife,unknown;az-6,success,3.0
ast426,wvacation,unknown;az-6,success,3.0
ast426,voteforyou,unknown;az-6,failure,4.0
ast426,voteforyou,unknown;az-6,success,3.0
ast416,voteforyou,unknown;az-6,success,126.0
ast416,studentlife,unknown;az-6,success,18.0
ast416,wvacation,unknown;az-6,success,23.0
ast424,studentlife,unknown;az-6,success,14.0
ast424,voteforyou,unknown;az-6,success,11.0
ast424,wvacation,unknown;az-6,success,24.0
ast422,wvacation,unknown;az-6,success,4.0
ast422,studentlife,unknown;az-6,success,4.0
ast422,voteforyou,unknown;az-6,success,3.0
ast403,studentlife,unknown;az-6,success,32.0
ast403,wvacation,unknown;az-6,success,88.0
ast403,voteforyou,unknown;az-6,success,10.0
ast423,studentlife,unknown;az-6,success,4.0
ast423,wvacation,unknown;az-6,success,4.0
ast423,voteforyou,unknown;az-6,success,4.0
ast417,studentlife,unknown;az-6,success,19.0
ast417,wvacation,unknown;az-6,success,7.0
ast417,voteforyou,unknown;az-6,success,4.0
ast426,studentlife,unknown;az-6,success,5.0
ast426,wvacation,unknown;az-6,failure,4.0
ast426,wvacation,unknown;az-6,failure,4.0
ast426,wvacation,unknown;az-6,success,12.0
ast426,voteforyou,unknown;az-6,failure,9.0
ast426,voteforyou,unknown;az-6,success,5.0
ast413,studentlife,unknown;az-6,success,7.0
ast413,wvacation,unknown;az-6,success,2.0
ast413,voteforyou,unknown;az-6,success,5.0
ast416,wvacation,unknown;az-6,success,53.0
ast416,voteforyou,unknown;az-6,success,18.0
ast416,studentlife,unknown;az-6,success,31.0
ast403,voteforyou,unknown;az-6,success,37.0
ast403,studentlife,unknown;az-6,success,27.0
ast403,wvacation,unknown;az-6,success,38.0
ast422,studentlife,unknown;az-6,success,3.0
ast422,wvacation,unknown;az-6,success,3.0
ast422,voteforyou,unknown;az-6,success,3.0
ast424,wvacation,unknown;az-6,success,9.0
ast424,studentlife,unknown;az-6,success,7.0
ast424,voteforyou,unknown;az-6,success,5.0
ast426,voteforyou,unknown;az-6,success,7.0
ast426,studentlife,unknown;az-6,failure,7.0
ast426,studentlife,unknown;az-6,success,4.0
ast426,wvacation,unknown;az-6,success,7.0
ast423,voteforyou,unknown;az-6,success,3.0
ast423,studentlife,unknown;az-6,success,4.0
ast423,wvacation,unknown;az-6,success,3.0
ast417,voteforyou,unknown;az-6,success,22.0
ast417,studentlife,unknown;az-6,success,19.0
ast417,wvacation,unknown;az-6,success,13.0
ast413,voteforyou,unknown;az-6,success,4.0
ast413,studentlife,unknown;az-6,success,4.0
ast413,wvacation,unknown;az-6,success,9.0
ast416,voteforyou,unknown;az-6,success,23.0
ast416,studentlife,unknown;az-6,success,41.0
ast416,wvacation,unknown;az-6,success,8.0
ast418,wvacation,unknown;az-6,success,3.0
ast418,studentlife,unknown;az-6,success,3.0
ast418,voteforyou,unknown;az-6,failure,3.0
ast418,voteforyou,unknown;az-6,success,14.0
ast422,voteforyou,unknown;az-6,success,4.0
ast422,studentlife,unknown;az-6,success,3.0
ast422,wvacation,unknown;az-6,success,3.0
ast418,studentlife,unknown;az-6,failure,4.0
ast418,studentlife,unknown;az-6,success,9.0
ast418,voteforyou,unknown;az-6,success,3.0
ast418,wvacation,unknown;az-6,success,3.0
ast418,voteforyou,unknown;az-6,success,8.0
ast418,studentlife,unknown;az-6,success,9.0
ast418,wvacation,unknown;az-6,success,11.0
